archivo,tamano_kb,md5
Cir-055.pdf,1689.4,0fd11c6fd70a659e3de3a29fc07e1bf4
Cir-100.pdf,223.1,ac7bb3b8fe01f1c7761c607c8a3fb0ac
Cir-231.pdf,125.8,bab58f1c23b1806dbb77a4bb26ee4313
DDU-007.pdf,25.0,91ef2b96e73c228d3fbd184ef49c0c39
DDU-032.pdf,14.4,fa7fbb94befec09ab30cdefa22a3bc97
DDU-057.pdf,12.0,38689a938e7dfa026e5768ff8d05cfa1
DDU-075.pdf,125.0,6e916250a117250e4acbaaecc3497b74
DDU-076.pdf,14.8,a2f32d87ef57950eb613f1eb94e045b8
DDU-082.pdf,12.4,89fc544f8aee3093aac0ff6ba6b3dfeb
DDU-087.pdf,13.9,fb332b78caec4fe3e213b5cc609fd4bd
DDU-091.pdf,122.4,e55e229df75c4d738f43913d2f67e980
DDU-105.pdf,19.8,b820254ac2b51844af55fca90f013e40
DDU-107.pdf,32.6,fed069ef2cafdd6fbaa81308d22523e7
DDU-109.pdf,85.3,79072f081de57acee5d23e4b1b7410ca
DDU-110.pdf,64.9,9640590cfd0958227315597e0dbe68f3
DDU-112.pdf,12.7,7cc3ea1e66a84b67486d26c1b2e749c9
DDU-115.pdf,20.0,f9506362156f886dbe3f79b8a5261178
DDU-117.pdf,16.2,e1d71fb881215414da7f489fcd3901bf
DDU-118.pdf,22.8,123ae8d70b2545fde27fa68c2d858670
DDU-124.pdf,12.9,64b2de7e120743653c16960d56b55010
DDU-126.pdf,238.7,c71617a062b7ecebc226ba2dcdd8f747
DDU-129.pdf,13.4,11d182ca7d612363d56733dd975beb58
DDU-130.pdf,17.7,711dbf6f35ea4b0a74c5674beb9646b2
DDU-133.pdf,14.0,f1a66a4aef7035957f7b196ac76326cc
DDU-135.pdf,14.2,f01095e41e2889bfe8f5cb09c92bd923
DDU-137.pdf,17.2,ae736346245276330e810ef159f5b8a1
DDU-147.pdf,167.6,c2916d9c7eda90ffcc9569e78157c364
DDU-148.pdf,137.6,cbe2bf4404bbeab00b6f0f676d2cfb48
DDU-155.pdf,173.8,6dcb18cbb36d2b8e9096765a3baa348b
DDU-156.pdf,92.4,456744b74eab2ecd8262bc1ff05f2bce
DDU-158.pdf,130.3,015092a81590e959f0c37ee942f309bd
DDU-160.pdf,152.0,049b26ccb90aa5b6b8f1c464c39604aa
DDU-161.pdf,128.5,40be70fd0bf66d36893c120ba1aa0397
DDU-163.pdf,115.3,4c7ba255f96a3dfae8817a628981d6f5
DDU-165.pdf,5970.8,6c41bffd127e5003082a88b62619811b
DDU-166.pdf,82.2,4f17b011ab063fbe4d81e20e1b78004b
DDU-168.pdf,732.5,a4aec5aa3240666df4a1ed11f491fff6
DDU-169.pdf,121.0,70d2e59eaa7b2c35c829746db8089803
DDU-170.pdf,107.7,5c8f55de0997f286ffd92ee92cb526e3
DDU-171.pdf,221.1,ce188c46919cca6de4c532e41629dbed
DDU-175.pdf,154.8,0cd7a0747f068c5c7be84d968051ef79
DDU-178.pdf,18.3,3d95e6d4a93ff3e21cb3425690eaceef
DDU-180.pdf,103.2,3bc96fee02886623c4aede19a631e969
DDU-181.pdf,199.6,b34441d98fee2204dfb013f19540ecab
DDU-182.pdf,541.3,81be3b37b5d20082d4407ff4456000d0
DDU-184.pdf,153.3,44a26d94225ec1355bb43a9da169f588
DDU-185.pdf,137.6,86a20eb091993dd0e597bc0ca8709fd1
DDU-188.pdf,93.5,af5c089ae339619648d767ea0e3ffa88
DDU-189.pdf,109.9,d00878dd71f756fca6df850c720c7620
DDU-192.pdf,131.0,5fa051b71b920430d55b688ceb0917cb
DDU-194.pdf,76.6,8f3c1347ed70dbbfc3136f5a6a7751af
DDU-195.pdf,66.5,ae270ea22e69916b16c1af8ef328d59e
DDU-197.pdf,96.0,83abdf17bf3435534d70cbe3140dcd67
DDU-198.pdf,107.9,912130b9bf07814ecc11af21973e0b0f
DDU-204.pdf,164.1,71da197031e46effb3e699f11ec021c8
DDU-205.pdf,2555.4,30e9f8a6a7e90f94b0f4eff806556609
DDU-208.pdf,482.4,52e7a2bca83e70997d68c39a3a3b0515
DDU-212.pdf,365.7,1508cd100586722e21a8bd631f712361
DDU-217.pdf,161.6,41913bf4202ef8e02b5f905cc3e5adf2
DDU-218.pdf,1972.2,7de39f93cda31e98bd9305f1ebe68e2b
DDU-219.pdf,7128.0,194866068ea962fc926e562b698dbfb8
DDU-220.pdf,153.0,ed6410f06d28fccc6ef0a1a186463623
DDU-221.pdf,161.5,8752c6bd3b0964f133fa3e2fdca3215c
DDU-222.pdf,162.7,57638224a910918ca03483c893add63f
DDU-223.pdf,299.3,eaa47226facff40529bce48a6bc89065
DDU-224.pdf,355.5,9398b93e6feb346f8adac1c32057c13a
DDU-225.pdf,183.0,677198c0019ac1a345de46f73b213e74
DDU-226.pdf,206.0,29e19ab56b8a50192f2c46f6f05997f8
DDU-227.pdf,3984.0,8d587ceafb95228b09423e7c5188fc7d
DDU-230.pdf,145.2,03a3170f4688ff157cf96dcdbd586ccf
DDU-231.pdf,125.8,bab58f1c23b1806dbb77a4bb26ee4313
DDU-234.pdf,220.9,f10199c3bb6128ba68cc7aeae9e7301b
DDU-235.pdf,1346.1,748c8e1726213b26d23f4fea2efc2364
DDU-236.pdf,230.4,71c5fca362f4a31d9cbd1186b24e887d
DDU-239.pdf,400.2,0a90d3d0b9c786ff4dbbf21f7767ac90
DDU-241.pdf,43.7,adddc1d707bcd47255b6052bbe8e783c
DDU-252.pdf,396.5,9aed930f5f05eed71af137524c9c7f1e
DDU-254.pdf,400.5,42040e1752db8aa7bea5ce906a4f345c
DDU-255.pdf,276.6,755ddaf451693668e18bb254939fa341
DDU-256.pdf,378.4,e79f0f80904472518002057e34f54c55
DDU-260.pdf,417.7,85955a7b62a3bc03d2b3e7e1c17591ae
DDU-266.pdf,2278.1,f7f7170feab0de0732f26c3a8d1b467d
DDU-267.pdf,2646.5,6d67ad8d501202445a6f45bf9b67247d
DDU-269.pdf,284.0,230ec573482dd692e5f50a365c08a936
DDU-270.pdf,249.4,da113edca2890a5d7ead6e5c58466a91
DDU-271.pdf,536.5,11bdbe86198f409cb81335235dbe5178
DDU-272.pdf,303.6,e2f26682d2081f17686639e709d4a4b6
DDU-273.pdf,485.6,ca35f49c6c90045b1e4211f8d3858a61
DDU-274.pdf,804.1,c8814cbf1f034395787caf498fe842f0
DDU-277.pdf,1378.6,aaf3623b3e892eddcf6b7474f364c65e
DDU-278.pdf,2181.6,193e106bbf1868d4889d178bb254a0fa
DDU-279.pdf,6592.1,5d2c1db35265715775bd2c7bd3e3d7dc
DDU-280.pdf,1805.8,dd66b5af5038ee722c6dd2e44e14318e
DDU-282.pdf,113.3,3f1fba6e69852851669c14e1380fc74c
DDU-283.pdf,934.4,cbb26398fe3643e3ebef5035bad16c81
DDU-284.pdf,2442.1,e6402b04667b68ee80b5b65e3f3df8d1
DDU-286.pdf,677.0,96da14603a4ed8d51b3c4a321fb1080a
DDU-287.pdf,206.5,8da16de8776633530c2fdccbe1e51877
DDU-288.pdf,1521.3,09c0ad83b90567bcbdc99fd622edbbb5
DDU-291.pdf,596.2,01d10da065159387b12d9711d2b31073
DDU-292.pdf,569.7,9e8793765b11ea4de8e6488b182eb172
DDU-294.pdf,789.1,acf651f98c4da297f6f7bf774a77dae0
DDU-296.pdf,1422.2,17cb417856d5f08278031693ee7248be
DDU-297.pdf,335.4,6e6916025d9aee7c8f2fef93799226c2
DDU-298.pdf,500.7,ee1a4a3f0a060faa881c7949e2f3b95d
DDU-299.pdf,762.3,add8c4bed63eb11ab48cd1a382d021a1
DDU-300.pdf,1273.1,a3c6a098abfbcd0acb0ea9a8bc7f3876
DDU-301.pdf,637.2,a6a62275069d237c9a352724cc0eed1c
DDU-304.pdf,535.5,dc642379cd9e3ea9b2ccc4e0c3254804
DDU-305.pdf,475.2,19687cf702678ba18bab579592cdaac3
DDU-306.pdf,89.4,57914f1e47508b72a1652516938c7345
DDU-310.pdf,520.5,f0e1afc68e0ec3e37baedcf8a0e4c6c0
DDU-311.pdf,86.7,5e25e70693f55fbf57dbc0320c8e1c85
DDU-312.pdf,963.6,9a74a96d3b9cd45f20bfcd2370df0326
DDU-313.pdf,848.4,51f30b5f56eb9b7dfa7b8d88b2fe50e7
DDU-315.pdf,1669.9,ebaf5cba84a87588f3fd895bdc09d02b
DDU-317.pdf,889.4,2b2152aa1efc04a3628be95ff85c060f
DDU-318.pdf,1425.0,a4e1a52a78237baf0c5305644cd51501
DDU-319.pdf,928.9,5ca91d0694fb0b65eba0679e211b1178
DDU-320.pdf,654.3,e2049b7cda77212bf136d5b5f77309cf
DDU-322.pdf,2467.8,19be8e2924c9cbdbd235fd35f10f8fd0
DDU-323.pdf,836.6,9698e7c07d24caaa432d5f79a59f7774
DDU-324.pdf,796.8,d7d8747ecbc0ad737ee04a10ad74a0fe
DDU-325.pdf,467.1,60d041153df4edb2e785278e528acd5b
DDU-326.pdf,1040.0,0a2bbf1ac60dd0acf01dc2debfda7a28
DDU-327.pdf,1438.3,0286fc73806c8f43bc448b8bbf858af7
DDU-328.pdf,1436.3,51f907323a4d0f5cf78d144b24c90b27
DDU-329.pdf,144.1,57a0566915b32b58b44100dab3b28bcc
DDU-331.pdf,1582.0,e399ef29d423ea13950f1565a18bedf8
DDU-332.pdf,1313.2,0178945f61e69e7589af12c319d57648
DDU-333.pdf,918.2,89066c0ccd2925ce0d199dc467a9edcb
DDU-334.pdf,890.3,4808b954e7ac637aa09f5440370d872c
DDU-335.pdf,1373.8,f42fef9f6dae4e4f1736eb2700ff3adb
DDU-336.pdf,1032.0,cc3e302b109911ad7219190ff65c805e
DDU-337.pdf,933.5,2deb6be2dbee4a03dbca0ca201fd8c00
DDU-338.pdf,930.0,3a5482703f5cfe30d39836341a908d7f
DDU-340.pdf,1426.8,2d90fe9cbc28917e2b8d17da80caa2dc
DDU-342.pdf,909.8,b6304e835e024139901645465916ee63
DDU-343.pdf,806.7,3c927f07fb4b41e9c7c2afb186efb490
DDU-344.pdf,1186.6,bc795fbfac3cb4ace53d1a158277641f
DDU-345.pdf,989.3,e1bb22b8b1d916ef350da0b5d93f6d87
DDU-346.pdf,90.7,0f902400e284a5575e7123517220f104
DDU-348.pdf,105.2,5f373d9700c52bc06e41611afaa44727
DDU-350.pdf,1104.6,d67233d21915179fc083848ec3793355
DDU-351.pdf,1620.4,eda1b37acde36ce0af0f20493065ab21
DDU-352.pdf,1018.4,56366a7318df41a47bf958cefe9fa4b7
DDU-353.pdf,1636.8,0da4e6a4bf47fb3c1535b01cdb074082
DDU-354.pdf,1049.4,f172cc2af6704c35eb40a89e02d3ad1d
DDU-355.pdf,977.7,4f862dd578d759ac7c04d249b906029f
DDU-356.pdf,992.2,f17906bf806ce8dcb9ccf373b0d8138c
DDU-357.pdf,1134.7,170ef8ff6d4be7c3ec015282996900c7
DDU-358.pdf,1078.9,40810bfd675e52f730af9fc011d1ac16
DDU-359.pdf,970.4,aa96842f46b4876ef62f0c11aed4e372
DDU-361.pdf,1032.9,95997243c31f27eaee0a68d8ba45c055
DDU-363.pdf,1023.5,873b07f476a2c69bec4131d014bfefd7
DDU-364.pdf,1368.9,b63026ebd46398c857e345a03818f4c8
DDU-365.pdf,1439.6,286cdc045655114ab37956affa0032e7
DDU-366.pdf,981.9,36adf9f04a52eaa0eaec89f020c22070
DDU-367.pdf,908.7,197a82fc53cdfe2c4c1b4aade721a040
DDU-368.pdf,851.6,5e72e4ab506aec33637431870d8f9e84
DDU-369.pdf,970.9,d0dfc007bff8ec08750a170af0497c88
DDU-370.pdf,1190.3,f010d1ff5092306bd0b13a88a149245a
DDU-371.pdf,10690.5,4b2156aaa5f9fc417cf8db0979571b9f
DDU-372.pdf,1017.6,603a3ef4ec5e8464e1e30a63ddc01a42
DDU-373.pdf,1012.0,52431f976c901452614c4e89025510ab
DDU-374.pdf,2722.0,516888879db1c6b1620ebd89e029394a
DDU-375.pdf,1425.1,267727b35d0dfaa958fdc9a5ef1cff68
DDU-376.pdf,1115.4,125cbf2e5ed78f5921101fb43bdcee1a
DDU-377.pdf,1049.0,5956dc3d22c5aed45b6c8e98c0d6d767
DDU-378.pdf,1091.4,19eb1aa500bc943ca78ee1a47d8dd9e2
DDU-380.pdf,1417.0,c69d17a47526c1113caea17d95876a34
DDU-381.pdf,989.5,c2210a3ee73b2c200bad4c82c7d4eaa4
DDU-382.pdf,964.1,ce1dae074f0f12641f365231a4041493
DDU-383.pdf,1129.2,fcdc4793a07af3519fb87bbd1b592ce8
DDU-384.pdf,1209.9,a7363f3ff947a61bd2ad196cd8447665
DDU-385.pdf,1548.5,bf1e1e71e57e82a6b78a5970fd7ae0ac
DDU-386.pdf,1013.2,c495ad26ac491ee3700e27abbe09ab4d
DDU-388.pdf,986.8,1123c9e06663daf0bda19f2aab6b42b7
DDU-389.pdf,1211.4,9221ef4e9df4a8979c05daba2bf3d551
DDU-390.pdf,972.3,50c060e8f49cec2580672eaa932d4ff0
DDU-391.pdf,1102.4,2a3882a44f38ee0467c038a70d8faa55
DDU-395.pdf,1673.1,5717c52aca2a0301b2a3b591999e7db2
DDU-396.pdf,899.4,a8ed296c543e0db22d815e772dcc54fe
DDU-398.pdf,3713.3,2840c5d3ecdb6a7c5a814728d5714040
DDU-400.pdf,5988.0,435082cdaa06992013fb1598c0b0a564
DDU-401.pdf,819.2,3c36f74d7417f21ae38858bab3fe3134
DDU-402.pdf,845.2,df36165d06ecaeb4afbfbf2843ccde62
DDU-403.pdf,1087.8,86861107906e229dc589f7d1ecfadc0c
DDU-404.pdf,496.8,008715990349c13d059e5e2b181c8ffc
DDU-405.pdf,2419.5,495f72692d1b647eef2d76066f2edc1a
DDU-406.pdf,459.5,dee22c0f2272b96f630787e96f1e7c5e
DDU-407.pdf,5192.5,a93d3633d8a462c0a0dc7d45d7c3d5ba
DDU-411.pdf,2218.4,1c9f0169747aa4d26fe161f8fb313cd9
DDU-413.pdf,3251.1,49f1c217d2403c8f99f85fbd7562f6c3
DDU-414.pdf,734.2,42c9d4a608052992b3811c5de7de8192
DDU-417.pdf,2969.0,a4d66cf4b9da9e1cdff052cd767bda23
DDU-419.pdf,888.8,b2bd5fd1cdba8415176625093806b522
DDU-420.pdf,61.7,4d220b40e91387283b40a06a0219b5ea
DDU-421.pdf,892.1,328a90cde9fe30e083752b72cc8ce6d8
DDU-423.pdf,1282.1,0aaf7cb33ea385bd5e3a0c71c5174f96
DDU-424.pdf,825.5,df34e5140613a43e6c5fbe1d649bf083
DDU-425.pdf,943.6,a2568c5612e564128fd3efc9736fd914
DDU-427.pdf,1691.3,2d16f99adaa336709e07f05c289fea32
DDU-429.pdf,739.5,9484b8e51726a5d4c6dbbfff0e0d3352
DDU-430.pdf,9878.8,5628991413e62fce8f6a2ce4d5568b38
DDU-431.pdf,309.8,b0042e04e3ee4268bbafd10e5e624f61
DDU-432.pdf,129.0,c11839ecbea1e0f0d7640a9522a1558e
DDU-433.pdf,113.8,e6bf12f19885df3f63cb39d2cd70dc23
DDU-434.pdf,112.3,c11ec5664c40788649d8b1d68954c88e
DDU-435.pdf,93.4,ef920382e8dccc3717b2498d9ad4dc82
DDU-437.pdf,129.1,a2395d6c7faed381be7eb3e7c869a399
DDU-438.pdf,295.7,da3c3cb843e930cd7aec5b7c114026ba
DDU-440.pdf,1844.8,351b1a2d9eff7bd54c0ec00200f66b8d
DDU-441.pdf,373.1,adde9e815682f5caecba100c3d3d0686
DDU-442.pdf,89.2,d2fbb81691f41d31c4ce4f906fbcdcbb
DDU-443.pdf,134.0,8bad49376783bc994167d1693a0ba3d8
DDU-444.pdf,201.8,02ed39cfbc08c62fdad86a3dc98b6abc
DDU-446.pdf,3147.7,6a82ce965ac55387df4babf308ac3b43
DDU-447.pdf,1233.8,9a991dfd57887e12f4ac127a4cfc4388
DDU-448.pdf,253.9,6130bf16b0d9e2192a2b26f1f400de14
DDU-449.pdf,1063.5,0422503d614d72ecfbf0cf86aa92e87d
DDU-450.pdf,688.8,91238581c12e6d202fbe40b2e43273fc
DDU-451.pdf,4600.6,369de2cc494ae5fbdb5dd69995c8e0cd
DDU-452.pdf,181.3,1b90460c2df526bdffe1c1645e9463fa
DDU-453.pdf,84.5,7182823cca0110e48990c1514495cd90
DDU-455.pdf,1365.3,1ba6227038e512cdab4b9e2e70cd3c41
DDU-456.pdf,1582.0,60e96486a4254c35f856d67829e1e802
DDU-457.pdf,1545.5,08812140b88be870566ac6c6ea46decb
DDU-458.pdf,8411.1,2d36eb6a32e591351ee123765a4b5710
DDU-459.pdf,635.8,1e65e3ca7e57f369f172875fc918f49c
DDU-460.pdf,643.7,c47c62fe409c915d95d0733f8ac525bb
DDU-461.pdf,2082.4,6e6f55c9e4ca060629e33753328db6a0
DDU-462.pdf,1393.7,2a37cca5b8fdbcc5e62d8ef50fac8876
DDU-463.pdf,687.7,7a83f8e37d509d4ef546bb4b64c6de44
DDU-464.pdf,618.2,547672b28597ffeb6c4860a1b3ab56b6
DDU-465.pdf,1050.6,a476941cfddc83819ae5161e301a1c5b
DDU-466.pdf,2889.7,828b5160f3726bbbf5c18c16e99f79cc
DDU-468.pdf,612.9,9ae8d83582588d8c8681bca628d5d476
DDU-469.pdf,7167.7,8b9030017730bf5291ab289a96cf06f9
DDU-470.pdf,503.0,b628d0cb14f262ce26ab18ed1ead2a25
DDU-471.pdf,783.9,1bb512e4350e945e4bf0243052805c2c
DDU-472.pdf,5830.5,f7a220968d04ef6cbadf06a24ef9ee93
DDU-473.pdf,1789.8,bd568aa030fea851c3a9924e3ac97047
DDU-474.pdf,8912.0,b5b5fd9e48eb5e000d318f0a34e32575
DDU-475.pdf,985.7,9f3b965f76edbae8d4836b34a54fe67d
DDU-476.pdf,1531.6,e3ac67a3d2d09e7537db027770951e9f
DDU-477.pdf,703.9,fc58901e9168a42ad7a4acb28817910b
DDU-479.pdf,669.6,f641d57276168bf2458f03ee89623e3d
DDU-480.pdf,3633.8,6418e6c5111c91429b2684c1dd606d4d
DDU-481.pdf,2025.2,069aca38c23fd6a52babe1512a17f29b
DDU-482.pdf,631.0,13d3c2425f0081fb9a7c7b1f9fbedcba
DDU-483.pdf,666.2,405221e3d9dd8bc3b8a526c7d3aa0c33
DDU-484.pdf,1428.2,e4e3e8d112a60a5ca41ec4cfb3299251
DDU-485.pdf,2778.4,491cb8f223f8f430079183eb7c5597c1
DDU-488.pdf,1254.9,e8fa42a31752d4bb9e74957aea22f7df
DDU-489.pdf,318.5,1e8fdaa319b625c9b8a0a43bea692157
DDU-491.pdf,715.1,727a94cdf650b89ea6bc5d72c67bfc5f
DDU-492.pdf,4780.8,2e9aa64186673cd667264b5bce7121d0
DDU-493.pdf,5596.4,a6edae985208d2d4edfc87fa9411e19a
DDU-494.pdf,2543.7,7e60bfb85fec660d00fdc537b8d482b3
DDU-495.pdf,568.6,031120ccef7278cfcc960f5740dfdcfa
DDU-496.pdf,1094.5,ec47383ea6ac3c22c89825880f14cfed
DDU-497.pdf,1665.5,d828e86bb5c0c51939d4e97788eed7cb
DDU-498.pdf,3866.4,cc286dddfecac4ed7e99158ed50f2045
DDU-499.pdf,860.6,05472444a4bb09f8ea7b725cf5fae643
DDU-500.pdf,1166.2,5eaf6780698c0bb2c8b03f1adf2dcb79
DDU-501.pdf,2302.9,0f11fb9d1d9a2f271407c98ea74b4325
DDU-502.pdf,967.2,89f475e68a8203fadd94e429d8f4cb77
DDU-503.pdf,569.7,b2a0adec1861c72ab592d12ac6732f12
DDU-504.pdf,2886.2,3ab877409b93f38d998ec1d2e42ac36a
DDU-505.pdf,789.9,e020ee0b15a759d8c98c944e3b169dad
DDU-506.pdf,1710.4,4351810648fa1422d7784ba832dfb37d
DDU-507.pdf,987.7,d50f0acf724a96f71a4b0744b59de9e2
DDU-508.pdf,785.4,e7ccfee2eedd917e586b64d60a63c42f
DDU-509.pdf,758.3,f874b4d4b0e5a9190d0fc7d7745d396e
DDU-510.pdf,18150.4,7c1eb08f0c24a06dce6077cb1218dfbd
DDU-511.pdf,3579.5,bd251e7cbf5fadee28e2db0853a71ab9
DDU-512.pdf,906.5,0a33da5a5e7881a3b7e068bde2a77c5d
DDU-513.pdf,726.2,7689f10e9b7f704bee5e4868d4791f11
DDU-514.pdf,2319.8,d8c25c8f865d45b6ca7f40829ff00b6c
DDU-515.pdf,884.2,bd81a66710610bcb47913df5afb3d7a2
DDU-516.pdf,1947.0,5f478bcdf8fc40299f671e6f60bdf789
DDU-517.pdf,2293.6,771d9e1232a7bdcb02dbc1095f7875ed
DDU-518.pdf,15253.1,81cbdcc9d5895665f03777e8f3cb69c0
DDU-520.pdf,3133.0,c901f5f7d38056a838498f7d446e8793
DDU-521.pdf,1419.7,a948e53702012cd383d887e427c66e1c
DDU-522.pdf,2923.1,cfd1eeb8719784ed184babaf21768ed3
DDU-523.pdf,4226.4,c255cc48403db141efa21be5e4e068a1
DDU-524.pdf,183.8,cb775498dd92be1c9d79b137dfe95aec
DDU-525.pdf,664.1,955b81af3f504db43b775b789c534984
DDU-526.pdf,1250.6,9c1c8194037059d40b988100218df24a
DDU-527.pdf,11567.6,71270f20ec31b6e09c488774f851f852
DDU-528.pdf,2491.4,20f4905894a6322612eda16421e085c7
DDU-529.pdf,1987.9,602a9807dad24624e06e7fac23181737
DDU-530.pdf,4073.5,69ed64f6839ebf329c5098c43a674257
DDU-531.pdf,917.6,f6318149ee0bc9e965cfecbcdf7604b2
DDU-532.pdf,1435.1,e02d984cd106d7e45482de149ec89a16
DDU-533.pdf,627.6,d3190d86c01f771d5fceb96f704b652c
DDU-534.pdf,1111.1,8a75c401efddcc8a2b3624e8964e1600
DDU-535.pdf,3196.4,78c5dd95a4836de42e8061de71cf0657
DDU-536.pdf,2891.1,c30280d15c1b29c4b4614a701b6266cc
DDU-537.pdf,1178.2,7ffbcf80511515c66d9d3119dde493bb
DDU-538.pdf,3028.8,c529e8d53ab678849fce9dac218b491c
DDU-539.pdf,1440.7,7d285e8caf1df69b192f2a2a409a41bf
DDU-540.pdf,4805.1,413161b5ef28de4dbe63704471cd1b3c
DDU-541.pdf,11298.1,9180dfb7fbf575443af8d8172f65ebc0
DDU-542.pdf,4853.6,126af658788bbcb087f02542b5b524c8
DDU-543.pdf,3713.4,0514e6a0a282eb1d4347ee3fc4425e82
DDU_000.pdf,1947.0,5f478bcdf8fc40299f671e6f60bdf789
DDU_001.pdf,223.1,81fd4945efa5b0f6c8be403da9196caa
DDU_002.pdf,214.9,6a4f6c638c73d6b5e1590f81b7105a9a
DDU_003.pdf,232.3,981f1c99da88678afde1f4f5758c4974
DDU_004.pdf,217.4,111dd37cedc6da5aaefd6da7f8b8d635
DDU_006.pdf,218.8,7c1c1357127a6c7d9794f557c4bb88a5
DDU_008.pdf,229.7,25fe6b210390d5d6eaa21fea2579c0ee
DDU_010.pdf,221.0,0f906e89dda75bd32ad93417ac01b2ea
DDU_011.pdf,215.7,b9403a0869177e4b02f595e70811bfba
DDU_012.pdf,220.3,700278b0386a3ba4f9140e0b0aa2f67a
DDU_013.pdf,233.2,b30c8f39eaad3140d7eaeb66830e046f
DDU_014.pdf,217.8,2d422688b733a7f97b8aa1856da598c9
DDU_015.pdf,219.7,b93cb2db9191e047c105836ea8822c99
DDU_016.pdf,219.9,7ebf1458e61155ef415818634dbc8cec
DDU_017.pdf,218.6,b028ee58314fa6177cb0b24089662e10
DDU_019.pdf,217.2,e410b5114e8ea41374a9917580b3650f
DDU_020.pdf,236.2,487629176af0cad873901ffe245d85b2
DDU_021.pdf,221.6,8651877c999bcf52375d3fe2e6a5bc7e
DDU_024.pdf,227.2,3e30a0d27779b90e70fbe5564968cfd1
DDU_025.pdf,235.0,1ed9b61585cdff5c662e0fe88e6756e9
DDU_026.pdf,487.0,131caea0224566af8006db98a1cbda07
DDU_027.pdf,221.7,aae1afafe823f5788d4c7cd68bf890ed
DDU_028.pdf,221.3,f12f4e867c308c8b404cbf050a60b207
DDU_029.pdf,220.6,dd3bda8dde578d9f1f167f1711216550
DDU_030.pdf,219.5,62f1bda6fb9d45b0b98f14355ee130e7
DDU_031.pdf,220.0,36a95969485d8f87223edd9d892b2969
DDU_034.pdf,218.6,1eca77eb79977587f1e82d628d22bc07
DDU_036.pdf,221.2,a294629734f721c8acf88f2541f6ce81
DDU_037.pdf,242.8,101079da3340b742dc3313784a531c56
DDU_038.pdf,244.7,2d974d2d03ad7397a15a4c5fb2b82289
DDU_039.pdf,219.2,a345437fe5ce7fe491bab54ffa43ee79
DDU_040.pdf,578.3,ed118cd40082e86593b07a8af3030751
DDU_041.pdf,218.4,8e7f71c5301d6fa781d8cefbe0af2faa
DDU_042.pdf,220.0,f1dd4bf77c2c9dff37e2e4324402c6b8
DDU_043.pdf,217.5,256865bb14b362c5c1f7e5b9015c33ad
DDU_044.pdf,218.7,2eb979830d6b8fd5181cd7f2f391dadd
DDU_045.pdf,219.7,14010896d1b8c8189fe4a2fcc0c1dc67
DDU_046.pdf,219.2,10edddc83744475160233d19f7383f6a
DDU_047.pdf,219.1,50d1f2bf2218dc103aeb11e8069b6725
DDU_048.pdf,217.3,aaedee33f1e4f1ce65e0d7a9f4beaf3e
DDU_049.pdf,220.0,4c65c6ed07a3b0eb07a8a2740d688687
DDU_050.pdf,219.2,9fa123d2fa31951e021eb410f3a33a99
DDU_051.pdf,219.2,492e643429a6b4cbfa526dc0ea4942fb
DDU_052.pdf,238.7,78a25fc9ebfcedb1c77dd63c65fea38b
DDU_053.pdf,297.9,3cd08483ff1d91d3305c0531e1a3130b
DDU_055.pdf,1689.4,0fd11c6fd70a659e3de3a29fc07e1bf4
DDU_056.pdf,229.4,e61bb50d9be46395543b86ac6d429af9
DDU_058.pdf,224.2,423132650d5f58720d9ea33663f40e82
DDU_060.pdf,219.0,b48ec001a6419f18b799d38857be7314
DDU_062.pdf,220.5,752c04f7661ed3ea10a2e63a6b4c5469
DDU_063.pdf,217.8,568360270f1a9f76e9a7399eed1f4f74
DDU_064.pdf,231.5,5ebdb8e0e110ceab1409a8fa96b440bf
DDU_065.pdf,218.1,d50878078ea64535ddc4d7e4f2499cfc
DDU_066.pdf,221.6,b0f21f633d25741b51701b01adbd74e7
DDU_067.pdf,219.3,7f442ac0edb0acd38dbf1ffc9ace7e47
DDU_068.pdf,228.8,4efa56645455b4cb47975ae4030c6eaf
DDU_069.pdf,219.7,199ff778cb94c93afd4b07ee1a59da72
DDU_070.pdf,223.1,66aaf73724797ffce2748f7aef345dbf
DDU_071.pdf,217.9,de9e6f5d6cb882738c36e9bf0604573e
DDU_073.pdf,218.1,00fbbe31bfbbd8e8ace69f5e1e4501ec
DDU_074.pdf,844.4,18172fe74990a7729123c224a57038bb
DDU_079.pdf,219.0,381e3d00c6c72b23c2ee0dc7039e28e7
DDU_080.pdf,219.6,e18a7adb86ea69748d48adb13c6a1e57
DDU_081.pdf,220.5,efd40b9cba621a95b751a7738d532e30
DDU_082.pdf,14.6,cdbf662c56b88d9e9fc06d665430ea74
DDU_083.pdf,219.5,e0e5a455530697733a0ae29f505be77c
DDU_085.pdf,219.3,f88041774b23f4ec67b6589ff0bd370f
DDU_086.pdf,221.6,5dfa9398c3b604616170aaddb0c7ecc9
DDU_088.pdf,223.2,9de13e38479a7c5693a0d09e7c2cd28b
DDU_089.pdf,222.3,c820af17fe762a3f7409458c55117e13
DDU_090.pdf,543.7,61d3534b48199d3f1f1caa09abe0ff75
DDU_091.pdf,122.4,e55e229df75c4d738f43913d2f67e980
DDU_092.pdf,219.3,1568b8f1377161bc6dd44082f2426b5b
DDU_093.pdf,219.1,df936ec0f42c94d9a212c54a03466c45
DDU_094.pdf,219.6,b664fea1a515166408cc7eaa8d9b962d
DDU_097.pdf,222.4,a878a6fc55c5065684600c5f8dca4370
DDU_098.pdf,219.7,9790de0dda6e15bb95666e16f0ae1bbc
DDU_099.pdf,218.3,33a7d8f4d49acb1943f745442bff957f
DDU_100.pdf,223.1,ac7bb3b8fe01f1c7761c607c8a3fb0ac
DDU_118.pdf,22.8,123ae8d70b2545fde27fa68c2d858670
DDU_165.pdf,5970.8,6c41bffd127e5003082a88b62619811b
DDU_168.pdf,732.5,a4aec5aa3240666df4a1ed11f491fff6
DDU_192.pdf,131.0,5fa051b71b920430d55b688ceb0917cb
DDU_208.pdf,482.4,52e7a2bca83e70997d68c39a3a3b0515
DDU_218.pdf,1972.2,7de39f93cda31e98bd9305f1ebe68e2b
DDU_219.pdf,7128.0,194866068ea962fc926e562b698dbfb8
DDU_223.pdf,299.3,eaa47226facff40529bce48a6bc89065
DDU_224.pdf,355.5,9398b93e6feb346f8adac1c32057c13a
DDU_227.pdf,3984.0,8d587ceafb95228b09423e7c5188fc7d
DDU_230.pdf,145.2,03a3170f4688ff157cf96dcdbd586ccf
DDU_231.pdf,125.8,bab58f1c23b1806dbb77a4bb26ee4313
DDU_241.pdf,43.7,adddc1d707bcd47255b6052bbe8e783c
DDU_252.pdf,396.5,9aed930f5f05eed71af137524c9c7f1e
DDU_254.pdf,400.5,42040e1752db8aa7bea5ce906a4f345c
DDU_255.pdf,276.6,755ddaf451693668e18bb254939fa341
DDU_256.pdf,378.4,e79f0f80904472518002057e34f54c55
DDU_260.pdf,417.7,85955a7b62a3bc03d2b3e7e1c17591ae
DDU_266.pdf,2278.1,f7f7170feab0de0732f26c3a8d1b467d
DDU_267.pdf,2646.5,6d67ad8d501202445a6f45bf9b67247d
DDU_269.pdf,284.0,230ec573482dd692e5f50a365c08a936
DDU_270.pdf,249.4,da113edca2890a5d7ead6e5c58466a91
DDU_271.pdf,536.5,11bdbe86198f409cb81335235dbe5178
DDU_272.pdf,303.6,e2f26682d2081f17686639e709d4a4b6
DDU_273.pdf,485.6,ca35f49c6c90045b1e4211f8d3858a61
DDU_274.pdf,804.1,c8814cbf1f034395787caf498fe842f0
DDU_277.pdf,1378.6,aaf3623b3e892eddcf6b7474f364c65e
DDU_278.pdf,2181.6,193e106bbf1868d4889d178bb254a0fa
DDU_279.pdf,6592.1,5d2c1db35265715775bd2c7bd3e3d7dc
DDU_280.pdf,1805.8,dd66b5af5038ee722c6dd2e44e14318e
DDU_282.pdf,113.3,3f1fba6e69852851669c14e1380fc74c
DDU_283.pdf,934.4,cbb26398fe3643e3ebef5035bad16c81
DDU_284.pdf,2442.1,e6402b04667b68ee80b5b65e3f3df8d1
DDU_286.pdf,677.0,96da14603a4ed8d51b3c4a321fb1080a
DDU_287.pdf,206.5,8da16de8776633530c2fdccbe1e51877
DDU_288.pdf,1521.3,09c0ad83b90567bcbdc99fd622edbbb5
DDU_291.pdf,596.2,01d10da065159387b12d9711d2b31073
DDU_292.pdf,569.7,9e8793765b11ea4de8e6488b182eb172
DDU_294.pdf,789.1,acf651f98c4da297f6f7bf774a77dae0
DDU_296.pdf,1422.2,17cb417856d5f08278031693ee7248be
DDU_297.pdf,335.4,6e6916025d9aee7c8f2fef93799226c2
DDU_298.pdf,500.7,ee1a4a3f0a060faa881c7949e2f3b95d
DDU_299.pdf,762.3,add8c4bed63eb11ab48cd1a382d021a1
DDU_300.pdf,1273.1,a3c6a098abfbcd0acb0ea9a8bc7f3876
DDU_301.pdf,637.2,a6a62275069d237c9a352724cc0eed1c
DDU_304.pdf,535.5,dc642379cd9e3ea9b2ccc4e0c3254804
DDU_305.pdf,475.2,19687cf702678ba18bab579592cdaac3
DDU_306.pdf,89.4,57914f1e47508b72a1652516938c7345
DDU_310.pdf,520.5,f0e1afc68e0ec3e37baedcf8a0e4c6c0
DDU_311.pdf,86.7,5e25e70693f55fbf57dbc0320c8e1c85
DDU_312.pdf,963.6,9a74a96d3b9cd45f20bfcd2370df0326
DDU_313.pdf,848.4,51f30b5f56eb9b7dfa7b8d88b2fe50e7
DDU_315.pdf,1669.9,ebaf5cba84a87588f3fd895bdc09d02b
DDU_317.pdf,889.4,2b2152aa1efc04a3628be95ff85c060f
DDU_318.pdf,1425.0,a4e1a52a78237baf0c5305644cd51501
DDU_319.pdf,928.9,5ca91d0694fb0b65eba0679e211b1178
DDU_320.pdf,654.3,e2049b7cda77212bf136d5b5f77309cf
DDU_322.pdf,2467.8,19be8e2924c9cbdbd235fd35f10f8fd0
DDU_323.pdf,836.6,9698e7c07d24caaa432d5f79a59f7774
DDU_324.pdf,796.8,d7d8747ecbc0ad737ee04a10ad74a0fe
DDU_325.pdf,467.1,60d041153df4edb2e785278e528acd5b
DDU_326.pdf,1040.0,0a2bbf1ac60dd0acf01dc2debfda7a28
DDU_327.pdf,1438.3,0286fc73806c8f43bc448b8bbf858af7
DDU_328.pdf,1436.3,51f907323a4d0f5cf78d144b24c90b27
DDU_329.pdf,144.1,57a0566915b32b58b44100dab3b28bcc
DDU_331.pdf,1582.0,e399ef29d423ea13950f1565a18bedf8
DDU_332.pdf,1313.2,0178945f61e69e7589af12c319d57648
DDU_333.pdf,918.2,89066c0ccd2925ce0d199dc467a9edcb
DDU_334.pdf,890.3,4808b954e7ac637aa09f5440370d872c
DDU_335.pdf,1373.8,f42fef9f6dae4e4f1736eb2700ff3adb
DDU_336.pdf,1032.0,cc3e302b109911ad7219190ff65c805e
DDU_337.pdf,933.5,2deb6be2dbee4a03dbca0ca201fd8c00
DDU_338.pdf,930.0,3a5482703f5cfe30d39836341a908d7f
DDU_340.pdf,1426.8,2d90fe9cbc28917e2b8d17da80caa2dc
DDU_342.pdf,909.8,b6304e835e024139901645465916ee63
DDU_343.pdf,806.7,3c927f07fb4b41e9c7c2afb186efb490
DDU_344.pdf,1186.6,bc795fbfac3cb4ace53d1a158277641f
DDU_345.pdf,989.3,e1bb22b8b1d916ef350da0b5d93f6d87
DDU_346.pdf,90.7,0f902400e284a5575e7123517220f104
DDU_348.pdf,105.2,5f373d9700c52bc06e41611afaa44727
DDU_350.pdf,1104.6,d67233d21915179fc083848ec3793355
DDU_351.pdf,1620.4,eda1b37acde36ce0af0f20493065ab21
DDU_352.pdf,1018.4,56366a7318df41a47bf958cefe9fa4b7
DDU_353.pdf,1636.8,0da4e6a4bf47fb3c1535b01cdb074082
DDU_354.pdf,1049.4,f172cc2af6704c35eb40a89e02d3ad1d
DDU_355.pdf,977.7,4f862dd578d759ac7c04d249b906029f
DDU_356.pdf,992.2,f17906bf806ce8dcb9ccf373b0d8138c
DDU_357.pdf,1134.7,170ef8ff6d4be7c3ec015282996900c7
DDU_358.pdf,1078.9,40810bfd675e52f730af9fc011d1ac16
DDU_359.pdf,970.4,aa96842f46b4876ef62f0c11aed4e372
DDU_361.pdf,1032.9,95997243c31f27eaee0a68d8ba45c055
DDU_363.pdf,1023.5,873b07f476a2c69bec4131d014bfefd7
DDU_364.pdf,1368.9,b63026ebd46398c857e345a03818f4c8
DDU_365.pdf,1439.6,286cdc045655114ab37956affa0032e7
DDU_366.pdf,981.9,36adf9f04a52eaa0eaec89f020c22070
DDU_367.pdf,908.7,197a82fc53cdfe2c4c1b4aade721a040
DDU_368.pdf,851.6,5e72e4ab506aec33637431870d8f9e84
DDU_369.pdf,970.9,d0dfc007bff8ec08750a170af0497c88
DDU_370.pdf,1190.3,f010d1ff5092306bd0b13a88a149245a
DDU_371.pdf,10690.5,4b2156aaa5f9fc417cf8db0979571b9f
DDU_372.pdf,1017.6,603a3ef4ec5e8464e1e30a63ddc01a42
DDU_373.pdf,1012.0,52431f976c901452614c4e89025510ab
DDU_374.pdf,2722.0,516888879db1c6b1620ebd89e029394a
DDU_375.pdf,1425.1,267727b35d0dfaa958fdc9a5ef1cff68
DDU_376.pdf,1115.4,125cbf2e5ed78f5921101fb43bdcee1a
DDU_377.pdf,1049.0,5956dc3d22c5aed45b6c8e98c0d6d767
DDU_378.pdf,1091.4,19eb1aa500bc943ca78ee1a47d8dd9e2
DDU_380.pdf,1417.0,c69d17a47526c1113caea17d95876a34
DDU_381.pdf,989.5,c2210a3ee73b2c200bad4c82c7d4eaa4
DDU_382.pdf,964.1,ce1dae074f0f12641f365231a4041493
DDU_383.pdf,1129.2,fcdc4793a07af3519fb87bbd1b592ce8
DDU_384.pdf,1209.9,a7363f3ff947a61bd2ad196cd8447665
DDU_385.pdf,1548.5,bf1e1e71e57e82a6b78a5970fd7ae0ac
DDU_386.pdf,1013.2,c495ad26ac491ee3700e27abbe09ab4d
DDU_388.pdf,986.8,1123c9e06663daf0bda19f2aab6b42b7
DDU_389.pdf,1211.4,9221ef4e9df4a8979c05daba2bf3d551
DDU_390.pdf,972.3,50c060e8f49cec2580672eaa932d4ff0
DDU_391.pdf,1102.4,2a3882a44f38ee0467c038a70d8faa55
DDU_395.pdf,1673.1,5717c52aca2a0301b2a3b591999e7db2
DDU_396.pdf,899.4,a8ed296c543e0db22d815e772dcc54fe
DDU_398.pdf,3713.3,2840c5d3ecdb6a7c5a814728d5714040
DDU_400.pdf,5988.0,435082cdaa06992013fb1598c0b0a564
DDU_401.pdf,819.2,3c36f74d7417f21ae38858bab3fe3134
DDU_402.pdf,845.2,df36165d06ecaeb4afbfbf2843ccde62
DDU_403.pdf,1087.8,86861107906e229dc589f7d1ecfadc0c
DDU_404.pdf,496.8,008715990349c13d059e5e2b181c8ffc
DDU_405.pdf,2419.5,495f72692d1b647eef2d76066f2edc1a
DDU_406.pdf,459.5,dee22c0f2272b96f630787e96f1e7c5e
DDU_407.pdf,5192.5,a93d3633d8a462c0a0dc7d45d7c3d5ba
DDU_411.pdf,2218.4,1c9f0169747aa4d26fe161f8fb313cd9
DDU_413.pdf,3251.1,49f1c217d2403c8f99f85fbd7562f6c3
DDU_414.pdf,734.2,42c9d4a608052992b3811c5de7de8192
DDU_417.pdf,2969.0,a4d66cf4b9da9e1cdff052cd767bda23
DDU_419.pdf,888.8,b2bd5fd1cdba8415176625093806b522
DDU_423.pdf,1282.1,0aaf7cb33ea385bd5e3a0c71c5174f96
DDU_424.pdf,825.5,df34e5140613a43e6c5fbe1d649bf083
DDU_425.pdf,943.6,a2568c5612e564128fd3efc9736fd914
DDU_429.pdf,739.5,9484b8e51726a5d4c6dbbfff0e0d3352
DDU_430.pdf,9878.8,5628991413e62fce8f6a2ce4d5568b38
DDU_431.pdf,309.8,b0042e04e3ee4268bbafd10e5e624f61
DDU_432.pdf,129.0,c11839ecbea1e0f0d7640a9522a1558e
DDU_433.pdf,113.8,e6bf12f19885df3f63cb39d2cd70dc23
DDU_434.pdf,112.3,c11ec5664c40788649d8b1d68954c88e
DDU_435.pdf,93.4,ef920382e8dccc3717b2498d9ad4dc82
DDU_437.pdf,129.1,a2395d6c7faed381be7eb3e7c869a399
DDU_438.pdf,295.7,da3c3cb843e930cd7aec5b7c114026ba
DDU_440.pdf,1844.8,351b1a2d9eff7bd54c0ec00200f66b8d
DDU_441.pdf,373.1,adde9e815682f5caecba100c3d3d0686
DDU_442.pdf,89.2,d2fbb81691f41d31c4ce4f906fbcdcbb
DDU_443.pdf,134.0,8bad49376783bc994167d1693a0ba3d8
DDU_444.pdf,201.8,02ed39cfbc08c62fdad86a3dc98b6abc
DDU_446.pdf,3147.7,6a82ce965ac55387df4babf308ac3b43
DDU_447.pdf,1233.8,9a991dfd57887e12f4ac127a4cfc4388
DDU_448.pdf,253.9,6130bf16b0d9e2192a2b26f1f400de14
DDU_449.pdf,1063.5,0422503d614d72ecfbf0cf86aa92e87d
DDU_450.pdf,688.8,91238581c12e6d202fbe40b2e43273fc
DDU_451.pdf,4600.6,369de2cc494ae5fbdb5dd69995c8e0cd
DDU_452.pdf,181.3,1b90460c2df526bdffe1c1645e9463fa
DDU_453.pdf,84.5,7182823cca0110e48990c1514495cd90
DDU_455.pdf,1365.3,1ba6227038e512cdab4b9e2e70cd3c41
DDU_456.pdf,1582.0,60e96486a4254c35f856d67829e1e802
DDU_457.pdf,687.7,7a83f8e37d509d4ef546bb4b64c6de44
DDU_458.pdf,8411.1,2d36eb6a32e591351ee123765a4b5710
DDU_459.pdf,635.8,1e65e3ca7e57f369f172875fc918f49c
DDU_460.pdf,643.7,c47c62fe409c915d95d0733f8ac525bb
DDU_461.pdf,2082.4,6e6f55c9e4ca060629e33753328db6a0
DDU_462.pdf,1393.7,2a37cca5b8fdbcc5e62d8ef50fac8876
DDU_464.pdf,618.2,547672b28597ffeb6c4860a1b3ab56b6
DDU_465.pdf,1050.6,a476941cfddc83819ae5161e301a1c5b
DDU_466.pdf,2889.7,828b5160f3726bbbf5c18c16e99f79cc
DDU_468.pdf,612.9,9ae8d83582588d8c8681bca628d5d476
DDU_469.pdf,7167.7,8b9030017730bf5291ab289a96cf06f9
DDU_470.pdf,503.0,b628d0cb14f262ce26ab18ed1ead2a25
DDU_471.pdf,783.9,1bb512e4350e945e4bf0243052805c2c
DDU_472.pdf,5830.5,f7a220968d04ef6cbadf06a24ef9ee93
DDU_473.pdf,1789.8,bd568aa030fea851c3a9924e3ac97047
DDU_474.pdf,8912.0,b5b5fd9e48eb5e000d318f0a34e32575
DDU_475.pdf,985.7,9f3b965f76edbae8d4836b34a54fe67d
DDU_476.pdf,1531.6,e3ac67a3d2d09e7537db027770951e9f
DDU_477.pdf,703.9,fc58901e9168a42ad7a4acb28817910b
DDU_479.pdf,669.6,f641d57276168bf2458f03ee89623e3d
DDU_480.pdf,3633.8,6418e6c5111c91429b2684c1dd606d4d
DDU_481.pdf,2025.2,069aca38c23fd6a52babe1512a17f29b
DDU_482.pdf,631.0,13d3c2425f0081fb9a7c7b1f9fbedcba
DDU_483.pdf,666.2,405221e3d9dd8bc3b8a526c7d3aa0c33
DDU_484.pdf,1428.2,e4e3e8d112a60a5ca41ec4cfb3299251
DDU_485.pdf,2778.4,491cb8f223f8f430079183eb7c5597c1
DDU_488.pdf,1254.9,e8fa42a31752d4bb9e74957aea22f7df
DDU_489.pdf,318.5,1e8fdaa319b625c9b8a0a43bea692157
DDU_491.pdf,715.1,727a94cdf650b89ea6bc5d72c67bfc5f
DDU_492.pdf,4780.8,2e9aa64186673cd667264b5bce7121d0
DDU_493.pdf,5596.4,a6edae985208d2d4edfc87fa9411e19a
DDU_494.pdf,2543.7,7e60bfb85fec660d00fdc537b8d482b3
DDU_495.pdf,568.6,031120ccef7278cfcc960f5740dfdcfa
DDU_496.pdf,1094.5,ec47383ea6ac3c22c89825880f14cfed
DDU_497.pdf,1665.5,d828e86bb5c0c51939d4e97788eed7cb
DDU_498.pdf,3866.4,cc286dddfecac4ed7e99158ed50f2045
DDU_499.pdf,860.6,05472444a4bb09f8ea7b725cf5fae643
DDU_500.pdf,1166.2,5eaf6780698c0bb2c8b03f1adf2dcb79
DDU_501.pdf,2302.9,0f11fb9d1d9a2f271407c98ea74b4325
DDU_502.pdf,967.2,89f475e68a8203fadd94e429d8f4cb77
DDU_503.pdf,569.7,b2a0adec1861c72ab592d12ac6732f12
DDU_504.pdf,2886.2,3ab877409b93f38d998ec1d2e42ac36a
DDU_505.pdf,789.9,e020ee0b15a759d8c98c944e3b169dad
DDU_506.pdf,1710.4,4351810648fa1422d7784ba832dfb37d
DDU_507.pdf,987.7,d50f0acf724a96f71a4b0744b59de9e2
DDU_508.pdf,785.4,e7ccfee2eedd917e586b64d60a63c42f
DDU_509.pdf,758.3,f874b4d4b0e5a9190d0fc7d7745d396e
DDU_510.pdf,18150.4,7c1eb08f0c24a06dce6077cb1218dfbd
DDU_511.pdf,3579.5,bd251e7cbf5fadee28e2db0853a71ab9
DDU_512.pdf,906.5,0a33da5a5e7881a3b7e068bde2a77c5d
DDU_513.pdf,726.2,7689f10e9b7f704bee5e4868d4791f11
DDU_514.pdf,2319.8,d8c25c8f865d45b6ca7f40829ff00b6c
DDU_515.pdf,884.2,bd81a66710610bcb47913df5afb3d7a2
DDU_517.pdf,2293.6,771d9e1232a7bdcb02dbc1095f7875ed
DDU_518.pdf,15253.1,81cbdcc9d5895665f03777e8f3cb69c0
DDU_520.pdf,3133.0,c901f5f7d38056a838498f7d446e8793
DDU_521.pdf,1419.7,a948e53702012cd383d887e427c66e1c
DDU_522.pdf,2923.1,cfd1eeb8719784ed184babaf21768ed3
DDU_523.pdf,4226.4,c255cc48403db141efa21be5e4e068a1
DDU_524.pdf,183.8,cb775498dd92be1c9d79b137dfe95aec
DDU_525.pdf,664.1,955b81af3f504db43b775b789c534984
DDU_526.pdf,1250.6,9c1c8194037059d40b988100218df24a
DDU_527.pdf,11567.6,71270f20ec31b6e09c488774f851f852
DDU_528.pdf,2491.4,20f4905894a6322612eda16421e085c7
DDU_529.pdf,1987.9,602a9807dad24624e06e7fac23181737
DDU_530.pdf,4073.5,69ed64f6839ebf329c5098c43a674257
DDU_531.pdf,917.6,f6318149ee0bc9e965cfecbcdf7604b2
DDU_532.pdf,1435.1,e02d984cd106d7e45482de149ec89a16
DDU_533.pdf,627.6,d3190d86c01f771d5fceb96f704b652c
DDU_534.pdf,1111.1,8a75c401efddcc8a2b3624e8964e1600
DDU_535.pdf,3196.4,78c5dd95a4836de42e8061de71cf0657
DDU_536.pdf,2891.1,c30280d15c1b29c4b4614a701b6266cc
DDU_537.pdf,1178.2,7ffbcf80511515c66d9d3119dde493bb
DDU_538.pdf,3028.8,c529e8d53ab678849fce9dac218b491c
DDU_539.pdf,1440.7,7d285e8caf1df69b192f2a2a409a41bf
DDU_540.pdf,4805.1,413161b5ef28de4dbe63704471cd1b3c
DDU_541.pdf,11298.1,9180dfb7fbf575443af8d8172f65ebc0
Ley_20_2021_orig.pdf,1545.5,08812140b88be870566ac6c6ea46decb
